CSD interneuron ; FBbt:00007405 has changed name to adult CSD interneuron. The old name is not a synonym.
direct flight muscle 50 ; FBbt:00003381 has changed name to basalar muscle 50. The old name is not a synonym.
midgut constriction 2 ; FBbt:00000459 has changed name to embryonic midgut constriction 2. The old name is not a synonym.
direct flight muscle 49 ; FBbt:00003380 has changed name to basalar muscle 49. The old name is not a synonym.
hygrosensitive neuron ; FBbt:00005923 has changed name to hygrosensory neuron. The old name is a synonym.
adult midgut anterior region R3a ; FBbt:00110898 has changed name to adult midgut region R3a. The old name is not a synonym.
larval serotonergic SP2-2 neuron ; FBbt:00110959 has changed name to larval serotonergic SP2 neuron 2. The old name is a synonym.
adult Leucokinin LHKL lateral horn neuron ; FBbt:00110058 has changed name to adult Leucokinin LHLK lateral horn neuron. The old name is not a synonym.
midgut constriction 1 ; FBbt:00000458 has changed name to embryonic midgut constriction 1. The old name is not a synonym.
midgut chamber 1 ; FBbt:00000453 has changed name to embryonic midgut chamber 1. The old name is not a synonym.
larval serotonergic IP1-2 neuron ; FBbt:00110941 has changed name to larval serotonergic IP1 neuron 2. The old name is a synonym.
posterior embryonic/larval midgut ; FBbt:00001885 has changed name to embryonic/larval posterior midgut. The old name is a synonym.
serotonergic T1-2 neuron ; FBbt:00110972 has changed name to serotonergic T1 neuron 2. The old name is a synonym.
larval A00b2 neuron ; FBbt:00111243 has changed name to larval Handle-B neuron. The old name is not a synonym.
antennal trichoid sensillum at2 ; FBbt:00067032 has changed name to antennal intermediate sensillum ai2. The old name is a synonym.
serotonergic LP1-1 neuron ; FBbt:00110946 has been made obsolete. Suggested alternative term(s): serotonergic LP1 neuron ; FBbt:00001588
posterior female adult hindgut ; FBbt:00110702 has changed name to female adult posterior hindgut. The old name is not a synonym.
larval serotonergic T1-2 neuron ; FBbt:00110974 has changed name to larval serotonergic T1 neuron 2. The old name is a synonym.
serotonergic abdominal lateral neuron ; FBbt:00110977 has been made obsolete. Suggested alternative term(s): EW2 neuron ; FBbt:00001584
direct flight muscle 58a ; FBbt:00003382 has changed name to internal muscle of the fourth axillary 58a. The old name is a synonym.
larval dorsomedial neurosecretory cell ; FBbt:00110035 has changed name to larval insulin secreting cell of pars intercerebralis. The old name is not a synonym.
adult dorsomedial neurosecretory cell ; FBbt:00110107 has changed name to adult insulin secreting cell of pars intercerebralis. The old name is not a synonym.
midgut chamber 2 ; FBbt:00000454 has changed name to embryonic midgut chamber 2. The old name is not a synonym.
perineurial sheath ; FBbt:00007089 has changed name to perineurial glial sheath. The old name is a synonym.
midgut chamber 3 ; FBbt:00000455 has changed name to embryonic midgut chamber 3. The old name is not a synonym.
posterior male adult hindgut ; FBbt:00110696 has changed name to male adult posterior hindgut. The old name is not a synonym.
ventro-lateral serotonergic neuron ; FBbt:00005134 has changed name to larval serotonergic VNC neuron. The old name is a synonym.
adult male posterior abdominal ganglion neuron ; FBbt:00110663 has changed name to serotonergic abdominal giant (male) neruron. The old name is a synonym.
abdominal 6 ventro-lateral serotonergic neuron ; FBbt:00003608 has changed name to larval serotonergic A6 neuron. The old name is a synonym.
serotonergic IP1-2 neuron ; FBbt:00110940 has changed name to serotonergic IP1 neuron 2. The old name is a synonym.
FLAa3 (female) lineage neuron ; FBbt:00050180 has changed name to adult FLAa3 (female) lineage neuron. The old name is not a synonym.
midgut constriction ; FBbt:00000457 has changed name to embryonic midgut constriction. The old name is not a synonym.
larval Leucokinin LHKL lateral horn neuron ; FBbt:00110057 has changed name to larval Leucokinin LHLK lateral horn neuron. The old name is not a synonym.
abdominal 7 ventro-lateral serotonergic neuron ; FBbt:00013609 has changed name to larval serotonergic A7 neuron. The old name is a synonym.
inter-ommatidial precursor cell ; FBbt:00007369 has changed name to interommatidial precursor cell. The old name is a synonym.
abdominal 1 ventro-lateral serotonergic neuron ; FBbt:00100752 has changed name to larval serotonergic A1 neuron. The old name is a synonym.
abdominal 5 ventro-lateral serotonergic neuron ; FBbt:00003607 has changed name to larval serotonergic A5 neuron. The old name is a synonym.
adult male Ilp7 posterior abdominal ganglion neuron ; FBbt:00111305 has changed name to adult dorsal posterior ILP7 (male) neuron. The old name is a synonym.
larval serotonergic LP1-1 neuron ; FBbt:00110947 has been made obsolete. Suggested alternative term(s): larval serotonergic LP1 neuron ; FBbt:00110944
antennal trichoid sensillum at3 ; FBbt:00067000 has changed name to antennal intermediate sensillum ai3. The old name is a synonym.
serotonergic abdominal medial neuron ; FBbt:00110976 has been made obsolete. Suggested alternative term(s): EW1 neuron ; FBbt:00001583
larval A00b neuron ; FBbt:00111242 has changed name to larval Handle-A neuron. The old name is not a synonym.
cardial valve ; FBbt:00003140 has changed name to adult cardial valve. The old name is not a synonym.
abdominal 8 ventro-lateral serotonergic neuron ; FBbt:00100751 has changed name to larval serotonergic A8 neuron. The old name is a synonym.
larval serotonergic SP2-1 neuron ; FBbt:00110958 has changed name to larval serotonergic SP2 neuron 1. The old name is a synonym.
subesophageal ganglion serotonergic SE neuron ; FBbt:00100358 has changed name to serotonergic SE neuron. The old name is not a synonym.
adult midgut anterior region R3b ; FBbt:00110899 has changed name to adult midgut region R3b. The old name is not a synonym.
adult female posterior abdominal ganglion neuron ; FBbt:00110664 has changed name to adult post-embryonic ventral posterior ILP7 (female) neuron. The old name is not a synonym.
anterior adult hindgut ; FBbt:00007035 has changed name to adult anterior hindgut. The old name is a synonym.
adult midgut posterior region R3c ; FBbt:00110900 has changed name to adult midgut region R3c. The old name is not a synonym.
lamina wide-field cell ; FBbt:00003741 has changed name to lamina wide-field 1 neuron. The old name is not a synonym.
anterior embryonic/larval midgut ; FBbt:00001883 has changed name to embryonic/larval anterior midgut. The old name is a synonym.
abdominal 3 ventro-lateral serotonergic neuron ; FBbt:00003605 has changed name to larval serotonergic A3 neuron. The old name is a synonym.
larval serotonergic IP1-1 neuron ; FBbt:00110939 has changed name to larval serotonergic IP1 neuron 1. The old name is a synonym.
direct flight muscle 58b ; FBbt:00003383 has changed name to internal muscle of the fourth axillary 58b. The old name is a synonym.
serotonergic abdominal neuron ; FBbt:00110975 has changed name to larval serotonergic abdominal neuron. The old name is not a synonym.
serotonergic SP2-1 neuron ; FBbt:00110960 has changed name to serotonergic SP2 neuron 1. The old name is a synonym.
midgut constriction 3 ; FBbt:00000460 has changed name to embryonic midgut constriction 3. The old name is not a synonym.
larval serotonergic T1-1 neuron ; FBbt:00110973 has changed name to larval serotonergic T1 neuron 1. The old name is a synonym.
midgut chamber 4 ; FBbt:00000456 has changed name to embryonic midgut chamber 4. The old name is not a synonym.
serotonergic IP1-3 neuron ; FBbt:00110942 has changed name to serotonergic IP1 neuron 3. The old name is a synonym.
optic lobe ; FBbt:00003701 has changed name to adult optic lobe. The old name is not a synonym.
mid embryonic/larval midgut ; FBbt:00001884 has changed name to embryonic/larval middle midgut. The old name is a synonym.
larval serotonergic IP1-3 neuron ; FBbt:00110943 has changed name to larval serotonergic IP1 neuron 3. The old name is a synonym.
adult midgut pyloric epithelium ; FBbt:00007044 has changed name to adult pyloric epithelium. The old name is not a synonym.
serotonergic SP2-2 neuron ; FBbt:00110961 has changed name to serotonergic SP2 neuron 2. The old name is a synonym.
dorsomedial neurosecretory cell ; FBbt:00004011 has changed name to insulin secreting cell of pars intercerebralis. The old name is not a synonym.
dorsal medial muscle ; FBbt:00003362 has changed name to dorsal medial indirect flight muscle. The old name is a synonym.
inter-ommatidial cell ; FBbt:00007250 has changed name to interommatidial cell. The old name is a synonym.
abdominal 2 l ch1 neuron ; FBbt:00100026 has changed name to abdominal 2 lch1 neuron. The old name is not a synonym.
neuroepithelial cell ; FBbt:00111738 has changed name to optic lobe neuroepithelial cell. The old name is not a synonym.
serotonergic T1-1 neuron ; FBbt:00110971 has changed name to serotonergic T1 neuron 1. The old name is a synonym.
serotonergic IP1-1 neuron ; FBbt:00110938 has changed name to serotonergic IP1 neuron 1. The old name is a synonym.
posterior adult hindgut ; FBbt:00003144 has changed name to adult posterior hindgut. The old name is not a synonym.
lamina wide-field cell Lawf2 ; FBbt:00110065 has changed name to lamina wide-field 2 neuron. The old name is not a synonym.
abdominal 4 ventro-lateral serotonergic neuron ; FBbt:00003606 has changed name to larval serotonergic A4 neuron. The old name is a synonym.
abdominal 2 ventro-lateral serotonergic neuron ; FBbt:00003595 has changed name to larval serotonergic A2 neuron. The old name is a synonym.
