female accessory gland main cell ; FBbt:00004916 has been made obsolete. Suggested alternative term(s): female accessory gland ; FBbt:00004914
vitellophage ; FBbt:00000058 has been made obsolete. Suggested alternative term(s): yolk nucleus ; FBbt:00000057
ectoderm derivative ; FBbt:00025990 has changed name to ectodermal derivative. The old name is not a synonym.
cuprophilic cell ; FBbt:00005782 has changed name to copper cell. The old name is a synonym.
mesectoderm derivative ; FBbt:00025997 has changed name to mesectodermal derivative. The old name is not a synonym.
corpus cardiacum innervating neuron CC-MS 1 ; FBbt:00007468 has changed name to larval hugin neuron of the corpus cardiacum. The old name is a synonym.
esophageal valve ; FBbt:00003132 has been made obsolete. Suggested alternative term(s): cardial valve ; FBbt:00003140
adult ventriculus muscle ; FBbt:00003534 has changed name to adult midgut muscle. The old name is a synonym.
hindgut muscle ; FBbt:00001053 has changed name to embryonic/larval hindgut muscle. The old name is not a synonym.
proventricular muscle ; FBbt:00001050 has changed name to embryonic/larval proventricular muscle. The old name is a substring of a synonym: larval proventricular muscle
mesoderm derivative ; FBbt:00025998 has changed name to mesodermal derivative. The old name is not a synonym.
adult ventriculus longitudinal muscle ; FBbt:00003536 has changed name to adult midgut longitudinal muscle. The old name is a synonym.
adult esophageal longitudinal muscle ; FBbt:00003531 has been made obsolete.  This obsolete term has no suggested alternative terms.
female accessory gland secondary cell ; FBbt:00004917 has been made obsolete. Suggested alternative term(s): female accessory gland ; FBbt:00004914
embryonic/larval cuprophilic cell ; FBbt:00001887 has changed name to embryonic/larval copper cell. The old name is a synonym.
adult posterior intestine circular muscle ; FBbt:00003539 has changed name to adult posterior hindgut circular muscle. The old name is a synonym.
cuprophilic cell primordium ; FBbt:00005451 has changed name to copper cell primordium. The old name is a synonym.
endoderm derivative ; FBbt:00025994 has changed name to endodermal derivative. The old name is not a synonym.
mushroom body beta accessory calyx fibers ; FBbt:00045018 has changed name to mushroom body medial lobelet. The old name is a synonym.
pharyngeal bars ; FBbt:00001867 has changed name to pharyngeal bar. The old name is not a synonym.
adult posterior intestine longitudinal muscle ; FBbt:00003540 has changed name to adult posterior hindgut longitudinal muscle. The old name is a synonym.
midgut muscle ; FBbt:00001051 has changed name to embryonic/larva midgut muscle. The old name is a substring of a synonym: larva midgut muscle
metathoracic coxal bristle on hairy island ; FBbt:00004426 has been made obsolete. Suggested alternative term(s): metathoracic coxal sensillum trichodeum ; FBbt:00004422
adult ventriculus circular muscle ; FBbt:00003535 has changed name to adult midgut circular muscle. The old name is a synonym.
intestine muscle ; FBbt:00003537 has changed name to hindgut muscle. The old name is a synonym.
larval dopaminergic SM1-2 neuron ; FBbt:00110350 has changed name to larval hugin neuron of the pharynx. The old name is a synonym.
mesothoracic tibial transverse bristle row ; FBbt:00004388 has been made obsolete. Suggested alternative term(s): mesothoracic tibial sensillum trichodeum ; FBbt:00004390
mushroom body alpha accessory calyx fibers ; FBbt:00045014 has changed name to mushroom body vertical lobelet. The old name is a synonym.
