T neuron T3 ; FBbt:00003730 has changed name to T3 neuron. The old name is a synonym.
T neuron T5 ; FBbt:00003736 has changed name to T5 neuron. The old name is a synonym.
T neuron T5c ; FBbt:00003739 has changed name to T5c neuron. The old name is a synonym.
foregut muscle ; FBbt:00058266 has changed name to foregut muscle cell. The old name is not a synonym.
T neuron T2a ; FBbt:00003729 has changed name to T2a neuron. The old name is a synonym.
hypodermal muscle of larval abdominal 9 cell ; FBbt:00000974 has changed name to hypodermal muscle cell of larval abdominal 9. The old name is not a synonym.
U2 neuron ; FBbt:00001566 has been made obsolete. Suggested alternative term(s): DO2 motor neuron ; FBbt:00110228
T neuron T4c ; FBbt:00003734 has changed name to T4c neuron. The old name is a synonym.
embryonic/larval clamp ; FBbt:00111204 has changed name to embryonic/larval superior clamp. The old name is a synonym.
U3 neuron ; FBbt:00001567 has changed name to DA2 motor neuron. The old name is a synonym.
larval anterior dorsal commissure ; FBbt:00047119 has changed name to larval anterior dorsal commissure of VNC. The old name is not a synonym.
T neuron T4b ; FBbt:00003733 has changed name to T4b neuron. The old name is a synonym.
T neuron T5a ; FBbt:00003737 has changed name to T5a neuron. The old name is a synonym.
U4 neuron ; FBbt:00006041 has been made obsolete. Suggested alternative term(s): DA3 motor neuron ; FBbt:00110231
hypodermal muscle of metathorax cell ; FBbt:00000552 has changed name to hypodermal muscle cell of metathorax. The old name is not a synonym.
muscle of the third axillary III4 ; FBbt:00048108 has changed name to muscle cell of muscle of the third axillary III4. The old name is not a synonym.
prothoracic ventral intersegmental muscle 4 ; FBbt:00000518 has changed name to muscle cell of prothoracic ventral intersegmental muscle 4. The old name is not a synonym.
midgut muscle ; FBbt:00058265 has changed name to midgut muscle cell. The old name is not a synonym.
T neuron T4d ; FBbt:00003735 has changed name to T4d neuron. The old name is a synonym.
T neuron T2 ; FBbt:00003728 has changed name to T2 neuron. The old name is a synonym.
hypodermal muscle of prothorax cell ; FBbt:00000495 has changed name to hypodermal muscle cell of prothorax. The old name is not a synonym.
sub-ellipsoid commissure ; FBbt:00007078 has changed name to adult sub-ellipsoid commissure. The old name is not a synonym.
BAmd2 neuron ; FBbt:00100736 has changed name to BAmd2 lineage neuron. The old name is not a synonym.
U1 neuron ; FBbt:00001565 has been made obsolete. Suggested alternative term(s): DO1 motor neuron ; FBbt:00110225
T neuron ChaTnew1 ; FBbt:00110080 has changed name to ChaTnew1 neuron. The old name is a synonym.
T neuron T5b ; FBbt:00003738 has changed name to T5b neuron. The old name is a synonym.
T neuron T5d ; FBbt:00003740 has changed name to T5d neuron. The old name is a synonym.
prothoracic ventral intersegmental muscle 3 ; FBbt:00000517 has changed name to muscle cell of prothoracic ventral intersegmental muscle 3. The old name is not a synonym.
muscle of the third axillary III3 ; FBbt:00048107 has changed name to muscle cell of muscle of the third axillary III3. The old name is not a synonym.
prothoracic ventral intersegmental muscle 2 ; FBbt:00000516 has changed name to muscle cell of prothoracic ventral intersegmental muscle 2. The old name is not a synonym.
prothoracic ventral intersegmental muscle 5 ; FBbt:00000519 has changed name to muscle cell of prothoracic ventral intersegmental muscle 5. The old name is not a synonym.
U5 neuron ; FBbt:00006043 has been made obsolete. Suggested alternative term(s): LL1 motor neuron ; FBbt:00110234
T neuron T4 ; FBbt:00003731 has changed name to T4 neuron. The old name is a synonym.
T neuron T4a ; FBbt:00003732 has changed name to T4a neuron. The old name is a synonym.
