anterior-posterior boundary of the wing disc ; FBbt:00007644 has changed name to anterior-posterior compartment boundary of the wing disc. The old name is not a synonym.
leucokinin neuron ; FBbt:00110031 has changed name to Leucokinin neuron. The old name is not a synonym.
pupal tachykinin neuron of the central nervous system ; FBbt:00110062 has changed name to pupal Tachykinin neuron of the central nervous system. The old name is not a synonym.
deuterocerebral neuroblast ; FBbt:00001353 has changed name to deutocerebral neuroblast. The old name is a synonym.
adult tachykinin neuron of the central nervous system ; FBbt:00110061 has changed name to adult Tachykinin neuron of the central nervous system. The old name is not a synonym.
adult protocerebral LPP2 tachykinin neuron ; FBbt:00110043 has changed name to adult protocerebral LPP2 Tachykinin neuron. The old name is not a synonym.
pupal large descending DN tachykinin neuron ; FBbt:00110038 has changed name to pupal large descending DN Tachykinin neuron. The old name is not a synonym.
adult leucokinin ABLK neuron of the abdominal ganglion ; FBbt:00110054 has changed name to adult Leucokinin ABLK neuron of the abdominal ganglion. The old name is not a synonym.
adult anterior large descending DN tachykinin neuron ; FBbt:00110049 has changed name to adult anterior large descending DN Tachykinin neuron. The old name is not a synonym.
ventral deuterocerebral neuroblast ; FBbt:00001356 has changed name to ventral deutocerebral neuroblast. The old name is a synonym.
transverse connective 8 ; FBbt:00000262 has changed name to embryonic/larval transverse connective 8. The old name is not a synonym.
spiracular branch 6 ; FBbt:00000309 has changed name to embryonic/larval spiracular branch 6. The old name is a substring of a synonym: non-functional spiracular branch 6
spiracular branch 7 ; FBbt:00000310 has changed name to embryonic/larval spiracular branch 7. The old name is a substring of a synonym: non-functional spiracular branch 7
larval hugin neuron of the protocerebrum ; FBbt:00110922 has changed name to larval Hugin neuron of the protocerebrum. The old name is not a synonym.
metathoracic dorsal branch ; FBbt:00003053 has changed name to adult metathoracic dorsal branch. The old name is not a synonym.
posterior deuterocerebral subperineural glia cluster ; FBbt:00001250 has changed name to posterior deutocerebral subperineural glia cluster. The old name is a synonym.
transverse connective 5 ; FBbt:00000259 has changed name to embryonic/larval transverse connective 5. The old name is not a synonym.
larval protocerebral Pr tachykinin neuron ; FBbt:00110041 has changed name to larval protocerebral Pr Tachykinin neuron. The old name is not a synonym.
adult leucokinin SELK neuron of the subesophageal zone ; FBbt:00110056 has changed name to adult Leucokinin SELK neuron of the subesophageal zone. The old name is not a synonym.
adult leucokinin neuron of the central nervous system ; FBbt:00110064 has changed name to adult Leucokinin neuron of the central nervous system. The old name is not a synonym.
ganglionic branch 5 ; FBbt:00000331 has changed name to embryonic/larval ganglionic branch 5. The old name is not a synonym.
mushroom body alpha' anterior layer ; FBbt:00100266 has changed name to mushroom body alpha' anterior-posterior layer. The old name is a synonym.
spiracular branch 2 ; FBbt:00000305 has changed name to embryonic/larval spiracular branch 2. The old name is not a synonym.
serotonergic-abdominal giant neuron ; FBbt:00110020 has been made obsolete. Suggested alternative term(s): adult male posterior abdominal ganglion neuron ; FBbt:00110663
embryonic deuterocerebral neuromere ; FBbt:00001064 has changed name to embryonic deutocerebral neuromere. The old name is a synonym.
spiracular branch 4 ; FBbt:00000307 has changed name to embryonic/larval spiracular branch 4. The old name is a substring of a synonym: non-functional spiracular branch 4
ventral lobula cluster ; FBbt:00005898 has changed name to ventral lobula cluster neuron. The old name is not a synonym.
embryonic deuterocerebrum ; FBbt:00001067 has changed name to embryonic deutocerebrum. The old name is a synonym.
protocerebral neuromere ; FBbt:00001926 has been merged with embryonic protocerebral neuromere ; FBbt:00001063. The old term name has not been retained as a synonym of the merged term.
central deuterocerebral neuromere ; FBbt:00001960 has changed name to central deutocerebral neuromere. The old name is a synonym.
transverse connective 6 ; FBbt:00000260 has changed name to embryonic/larval transverse connective 6. The old name is not a synonym.
mushroom body beta' posterior layer ; FBbt:00100271 has been merged with mushroom body beta' anterior-posterior layer ; FBbt:00100269. The merged term retains the old term name as a synonym.
dorsal branch ; FBbt:00003051 has changed name to adult dorsal branch. The old name is not a synonym.
larval hugin neuron of the corpus cardiacum ; FBbt:00007468 has changed name to larval Hugin neuron of the corpus cardiacum. The old name is not a synonym.
tritocerebral neuromere ; FBbt:00001963 has been merged with embryonic tritocerebral neuromere ; FBbt:00001065. The old term name has not been retained as a synonym of the merged term.
haltere branch ; FBbt:00003091 has changed name to adult haltere branch. The old name is not a synonym.
ganglionic branch 7 ; FBbt:00000333 has changed name to embryonic/larval ganglionic branch 7. The old name is not a synonym.
larval tachykinin neuron of the ventral cord ; FBbt:00110048 has changed name to larval Tachykinin neuron of the ventral cord. The old name is not a synonym.
larval lateral horn LHKL leucokinin neuron ; FBbt:00110057 has changed name to larval Leucokinin LHKL lateral horn neuron. The old name is not a synonym.
pupal protocerebral LPP2 tachykinin neuron ; FBbt:00110040 has changed name to pupal protocerebral LPP2 Tachykinin neuron. The old name is not a synonym.
anterior deuterocerebral neuromere ; FBbt:00001959 has changed name to anterior deutocerebral neuromere. The old name is a synonym.
transverse connective 4 ; FBbt:00000258 has changed name to embryonic/larval transverse connective 4. The old name is not a synonym.
adult tritocerebral TC1 tachykinin neuron ; FBbt:00110050 has changed name to adult tritocerebral TC1 Tachykinin neuron. The old name is not a synonym.
spiracular branch 9 ; FBbt:00000312 has changed name to embryonic/larval spiracular branch 9. The old name is a substring of a synonym: non-functional spiracular branch 9
ganglionic branch 3 ; FBbt:00000329 has changed name to embryonic/larval ganglionic branch 3. The old name is not a synonym.
mushroom body alpha' posterior layer ; FBbt:00100268 has been merged with mushroom body alpha' anterior-posterior layer ; FBbt:00100266. The merged term retains the old term name as a synonym.
abdominal dorsal branch 9 ; FBbt:00003061 has changed name to adult abdominal dorsal branch 9. The old name is not a synonym.
abdominal dorsal branch 4 ; FBbt:00003056 has changed name to adult abdominal dorsal branch 4. The old name is not a synonym.
posterior deuterocerebral neuromere ; FBbt:00001961 has changed name to posterior deutocerebral neuromere. The old name is a synonym.
ganglionic branch 9 ; FBbt:00000335 has changed name to embryonic/larval ganglionic branch 9. The old name is not a synonym.
abdominal dorsal branch 7 ; FBbt:00003059 has changed name to adult abdominal dorsal branch 7. The old name is not a synonym.
alpha'/beta' anterior Kenyon cell ; FBbt:00100250 has changed name to alpha'/beta' anterior-posterior Kenyon cell. The old name is a substring of a synonym: mushroom body alpha'/beta' anterior Kenyon cell
tachykinin cell of the adult midgut ; FBbt:00110036 has changed name to Tachykinin cell of the adult midgut. The old name is not a synonym.
pupal transverse connective 5 ; FBbt:00002964 has been made obsolete. Suggested alternative term(s): pupal transverse connective ; FBbt:00002959
embryonic/larval deuterocerebrum ; FBbt:00001957 has changed name to embryonic/larval deutocerebrum. The old name is a synonym.
larval anterior LK leucokinin neuron ; FBbt:00110052 has changed name to larval Leucokinin LK anterior neuron. The old name is not a synonym.
MB-MP1 neuron of the dopaminergic PPL1 cluster ; FBbt:00110317 has been made obsolete. Suggested alternative term(s): mushroom body pedunculus-medial lobe arborizing neuron 1 ; FBbt:00100243
dorsal-ventral compartment boundary of the wing ; FBbt:00007643 has changed name to dorsal-ventral compartment boundary of the wing disc. The old name is not a synonym.
labial neuromere ; FBbt:00001974 has changed name to larval labial neuromere. The old name is not a synonym.
ganglionic branch 1 ; FBbt:00000327 has changed name to embryonic/larval ganglionic branch 1. The old name is not a synonym.
transverse connective 2 ; FBbt:00000256 has changed name to embryonic/larval transverse connective 2. The old name is not a synonym.
adult anterior LK leucokinin neuron ; FBbt:00110059 has changed name to adult Leucokinin LK anterior neuron. The old name is not a synonym.
T1 neuron ; FBbt:00001984 has changed name to thoracic T1 neuron. The old name is not a synonym.
adult hugin neuron ; FBbt:00110924 has changed name to adult Hugin neuron. The old name is not a synonym.
abdominal dorsal branch ; FBbt:00003054 has changed name to adult abdominal dorsal branch. The old name is not a synonym.
adult protocerebral SMP tachykinin neuron ; FBbt:00110310 has changed name to adult protocerebral SMP Tachykinin neuron. The old name is not a synonym.
adult deuterocerebrum DC tachykinin neuron ; FBbt:00110046 has changed name to adult deutocerebrum DC Tachykinin neuron. The old name is a synonym.
spiracular branch 8 ; FBbt:00000311 has changed name to embryonic/larval spiracular branch 8. The old name is a substring of a synonym: non-functional spiracular branch 8
mushroom body beta' anterior layer ; FBbt:00100269 has changed name to mushroom body beta' anterior-posterior layer. The old name is a synonym.
transverse connective 9 ; FBbt:00000263 has changed name to embryonic/larval transverse connective 9. The old name is not a synonym.
thoracic T neuron ; FBbt:00100360 has changed name to serotonergic thoracic neuron. The old name is a synonym.
T3 neuron ; FBbt:00001986 has changed name to thoracic T3 neuron. The old name is not a synonym.
larval leucokinin SELK neuron of the subesophageal ganglion ; FBbt:00110055 has changed name to larval Leucokinin SELK neuron of the subesophageal ganglion. The old name is not a synonym.
ventral margin of cibarium ; FBbt:00004530 has been made obsolete. Suggested alternative term(s): adult cibarium ; FBbt:00004526
larval anterior large descending DN tachykinin neuron ; FBbt:00110037 has changed name to larval anterior large descending DN Tachykinin neuron. The old name is not a synonym.
deuterocerebral commissural tract ; FBbt:00003998 has changed name to deutocerebral commissural tract. The old name is a synonym.
dorsal deuterocerebral neuroblast ; FBbt:00001354 has changed name to dorsal deutocerebral neuroblast. The old name is a synonym.
cerebral anastomosis ; FBbt:00000396 has changed name to embryonic/larval cerebral anastomosis. The old name is not a synonym.
larval tachykinin neuron of the central nervous system ; FBbt:00110060 has changed name to larval Tachykinin neuron of the central nervous system. The old name is not a synonym.
adult protocerebral LPP1 tachykinin neuron ; FBbt:00110044 has changed name to adult protocerebral LPP1 Tachykinin neuron. The old name is not a synonym.
alpha'/beta' posterior Kenyon cell ; FBbt:00100254 has been merged with alpha'/beta' anterior-posterior Kenyon cell ; FBbt:00100250. The old term name has not been retained as a synonym of the merged term.
larval hugin neuron ; FBbt:00110921 has changed name to larval Hugin neuron. The old name is not a synonym.
spiracular branch 5 ; FBbt:00000308 has changed name to embryonic/larval spiracular branch 5. The old name is a substring of a synonym: non-functional spiracular branch 5
prothoracic dorsal branch ; FBbt:00003052 has changed name to adult prothoracic dorsal branch. The old name is not a synonym.
transverse connective 7 ; FBbt:00000261 has changed name to embryonic/larval transverse connective 7. The old name is not a synonym.
leg trachea ; FBbt:00003092 has changed name to adult leg trachea. The old name is not a synonym.
mandibular segment of adult gnathal ganglion ; FBbt:00007159 has changed name to adult mandibular neuromere. The old name is not a synonym.
mushroom body anterior paired lateral cell ; FBbt:00100222 has changed name to adult mushroom body anterior paired lateral cell. The old name is not a synonym.
larval tritocerebral Tr tachykinin neuron ; FBbt:00110039 has changed name to larval tritocerebral Tr Tachykinin neuron. The old name is not a synonym.
pupal antennal lobes tachykinin neuron ; FBbt:00110042 has changed name to pupal antennal lobes Tachykinin neuron. The old name is not a synonym.
larval leucokinin neuron of the central nervous system ; FBbt:00110063 has changed name to larval Leucokinin neuron of the central nervous system. The old name is not a synonym.
spiracular branch 3 ; FBbt:00000306 has changed name to embryonic/larval spiracular branch 3. The old name is a substring of a synonym: non-functional spiracular branch 3
spiracular branch 1 ; FBbt:00000304 has changed name to embryonic/larval spiracular branch 1. The old name is not a synonym.
ganglionic branch 4 ; FBbt:00000330 has changed name to embryonic/larval ganglionic branch 4. The old name is not a synonym.
MB-MV1 neuron of the dopaminergic PPL1 cluster ; FBbt:00110318 has been made obsolete. Suggested alternative term(s): mushroom body medial-vertical lobe arborizing neuron 1 ; FBbt:00100241
anterior deuterocerebral subperineurial glia cluster ; FBbt:00001248 has changed name to anterior deutocerebral subperineurial glia cluster. The old name is a synonym.
transverse connective 3 ; FBbt:00000257 has changed name to embryonic/larval transverse connective 3. The old name is not a synonym.
spiracular branch 10 ; FBbt:00000313 has changed name to embryonic/larval spiracular branch 10. The old name is not a synonym.
labial segment of adult gnathal ganglion ; FBbt:00007160 has changed name to adult labial neuromere. The old name is not a synonym.
ganglionic branch 2 ; FBbt:00000328 has changed name to embryonic/larval ganglionic branch 2. The old name is not a synonym.
hugin neuron ; FBbt:00110925 has changed name to Hugin neuron. The old name is not a synonym.
transverse connective 10 ; FBbt:00000264 has changed name to embryonic/larval transverse connective 10. The old name is not a synonym.
abdominal dorsal branch 5 ; FBbt:00003057 has changed name to adult abdominal dorsal branch 5. The old name is not a synonym.
MB-V1 neuron of the dopaminergic PPL1 cluster ; FBbt:00110316 has been made obsolete. Suggested alternative term(s): mushroom body ventral lobe arborizing neuron 1 ; FBbt:00100236
ganglionic branch 6 ; FBbt:00000332 has changed name to embryonic/larval ganglionic branch 6. The old name is not a synonym.
basal deuterocerebral subperineurial glia cluster ; FBbt:00001249 has changed name to basal deutocerebral subperineurial glia cluster. The old name is a synonym.
wing branch ; FBbt:00003090 has changed name to adult wing branch. The old name is not a synonym.
abdominal dorsal branch 8 ; FBbt:00003060 has changed name to adult abdominal dorsal branch 8. The old name is not a synonym.
adult optic lobe OL tachykinin neuron ; FBbt:00110047 has changed name to adult optic lobe OL Tachykinin neuron. The old name is not a synonym.
maxillary neuromere ; FBbt:00001975 has changed name to larval maxillary neuromere. The old name is not a synonym.
transverse connective 1 ; FBbt:00000255 has changed name to embryonic/larval transverse connective 1. The old name is not a synonym.
adult tachykinin neuron of the thoracic-abdominal ganglion ; FBbt:00110051 has changed name to adult Tachykinin neuron of the thoracic-abdominal ganglion. The old name is not a synonym.
maxillary segment of adult gnathal ganglion ; FBbt:00007158 has changed name to adult maxillary neuromere. The old name is not a synonym.
ganglionic branch 0 ; FBbt:00000326 has changed name to embryonic/larval ganglionic branch 0. The old name is not a synonym.
adult lateral horn LHKL leucokinin neuron ; FBbt:00110058 has changed name to adult Leucokinin LHKL lateral horn neuron. The old name is not a synonym.
deuterocerebrum ; FBbt:00003923 has changed name to deutocerebrum. The old name is a synonym.
larval hugin neuron of the ventral nerve cord ; FBbt:00110923 has changed name to larval Hugin neuron of the ventral nerve cord. The old name is not a synonym.
larval hugin neuron of the pharynx ; FBbt:00110350 has changed name to larval Hugin neuron of the pharynx. The old name is not a synonym.
ganglionic branch 8 ; FBbt:00000334 has changed name to embryonic/larval ganglionic branch 8. The old name is not a synonym.
adult accessory mesothoracic neuromere ; FBbt:00110177 has been made obsolete. Suggested alternative term(s): adult accessory mesothoracic neuromere ; FBbt:00004091
abdominal dorsal branch 3 ; FBbt:00003055 has changed name to adult abdominal dorsal branch 3. The old name is not a synonym.
T2 neuron ; FBbt:00001985 has changed name to thoracic T2 neuron. The old name is not a synonym.
adult protocerebral MPP tachykinin neuron ; FBbt:00110045 has changed name to adult protocerebral MPP Tachykinin neuron. The old name is not a synonym.
ventral anastomosis ; FBbt:00003066 has changed name to adult ventral anastomosis. The old name is not a synonym.
larval leucokinin ABLK neuron of the abdominal ganglion ; FBbt:00110053 has changed name to larval Leucokinin ABLK neuron of the abdominal ganglion. The old name is not a synonym.
deuterocerebral neuromere ; FBbt:00001958 has been merged with embryonic deutocerebral neuromere ; FBbt:00001064. The merged term retains the old term name as a synonym.
accessory mesothoracic neuromere ; FBbt:00004091 has changed name to adult accessory mesothoracic neuromere. The old name is not a synonym.
abdominal dorsal branch 6 ; FBbt:00003058 has changed name to adult abdominal dorsal branch 6. The old name is not a synonym.
mandibular neuromere ; FBbt:00001973 has changed name to larval mandibular neuromere. The old name is not a synonym.
